date,hour,aircraft,latitude,longitude,PBL_height
2016-07-18,16.767,C130,38.37,-75.32,300
2016-07-18,17.087,B200,37.12,-76.49,894
2016-07-18,17.217,C130,39.06,-74.82,550
2016-07-18,17.397,C130,39.15,-74.9,522
2016-07-18,18.702,C130,41.86,-80.87,576
2016-07-18,18.847,C130,41.82,-80.79,757
2016-07-18,19.067,B200,41.8,-80.84,885
2016-07-18,19.167,C130,41.44,-79.96,-9999
2016-07-18,20.232,C130,39.02,-74.57,445
2016-07-18,20.667,C130,38.49,-73.49,520
2016-07-18,20.957,B200,38.9,-75.01,652
2016-07-18,21.242,C130,38.09,-75.35,200
2016-07-18,21.532,B200,37.25,-76.22,680
2016-07-19,13.112,C130,37.82,-75.66,350
2016-07-19,15.317,C130,38.44,-73.54,808
2016-07-19,16.567,C130,40.76,-78.35,2257
2016-07-19,17.512,C130,37.97,-77.53,1051
2016-07-19,17.877,C130,38.32,-78.05,990
2016-07-19,18.487,C130,37.77,-75.72,240
2016-07-21,16.107,C130,37.84,-75.72,270
2016-07-21,16.562,C130,37.67,-78.13,1066
2016-07-21,18.912,C130,39.28,-78.14,1112
2016-07-21,19.287,B200,37.04,-76.52,460
2016-07-21,19.747,B200,37.57,-78.28,1080
2016-07-21,19.757,C130,39.25,-80.94,1960
2016-07-21,20.192,C130,39.24,-80.82,1470
2016-07-21,20.377,C130,39.16,-80.72,1866
2016-07-21,20.442,B200,37.96,-80.6,2446
2016-07-21,20.567,B200,38.39,-80.6,1845
2016-07-21,21.287,C130,37.74,-75.76,-9999
2016-07-21,21.337,C130,37.84,-75.63,-9999
2016-07-21,21.507,B200,37.66,-78.49,1945
2016-07-21,21.927,B200,37.09,-76.69,407
2016-07-22,15.262,B200,37.06,-76.59,470
2016-07-22,15.417,B200,37.23,-77.12,612
2016-07-22,15.837,B200,37.66,-78.62,650
2016-07-22,16.002,B200,37.64,-79.15,1665
2016-07-22,16.082,C130,38.08,-75.48,160
2016-07-22,16.627,C130,40.2,-76.24,1128
2016-07-22,16.822,B200,39.71,-79.13,1585
2016-07-22,17.282,B200,39.72,-77.6,-9999
2016-07-22,17.447,C130,38,-77.21,1445
2016-07-22,17.992,C130,39.88,-78.17,880
2016-07-22,18.822,C130,37.73,-78.71,1567
2016-07-22,19.577,C130,38.83,-78.92,1190
2016-07-22,19.897,C130,37.64,-78.52,1896
2016-07-22,20.377,C130,37.77,-75.78,590
2016-07-22,21.137,B200,39.83,-77.85,1160
2016-07-22,21.327,B200,39.81,-78.42,1020
2016-07-22,22.092,B200,37.59,-78.1,1066
2016-07-22,22.217,B200,37.41,-77.62,1112
2016-07-22,22.412,B200,37.14,-76.89,1005
2016-07-22,22.512,B200,37.04,-76.54,990
2016-07-25,15.057,C130,37.84,-75.64,450
2016-07-25,15.182,B200,37.05,-76.61,370
2016-07-25,15.302,C130,37.68,-76.73,833
2016-07-25,15.577,C130,38.09,-77.82,750
2016-07-25,15.972,C130,39.03,-79.25,-9999
2016-07-25,16.267,C130,39.74,-80.51,-9999
2016-07-25,16.977,B200,40.39,-81.88,1118
2016-07-25,17.372,C130,41.82,-85.06,1225
2016-07-25,17.652,C130,41.58,-84.31,1253
2016-07-25,18.162,C130,40.27,-81.54,-9999
2016-07-25,18.362,C130,39.82,-80.68,2289
2016-07-25,18.627,C130,39.16,-79.44,2430
2016-07-25,18.877,B200,37.42,-76.23,960
2016-07-25,18.982,B200,37.16,-76.23,925
2016-07-25,19.407,C130,37.85,-75.62,155
2016-07-26,14.597,C130,38.33,-75.5,220
2016-07-26,15.037,B200,37.04,-76.54,627
2016-07-26,15.182,B200,36.96,-77.07,520
2016-07-26,15.642,C130,40.76,-78.38,-9999
2016-07-26,16.562,C130,36.82,-77.48,-9999
2016-07-26,16.687,B200,40.91,-78.45,-9999
2016-07-26,16.777,C130,37.44,-77.64,-9999
2016-07-26,16.837,B200,41.01,-77.97,1843
2016-07-26,17.047,B200,41.11,-77.09,-9999
2016-07-26,17.592,C130,40.97,-78.51,1802
2016-07-26,17.817,C130,40.93,-78.48,1818
2016-07-26,18.302,B200,41.23,-76.96,-9999
2016-07-26,18.337,C130,40.89,-76.43,-9999
2016-07-26,18.832,C130,38.44,-75.52,460
2016-07-26,19.922,B200,37.08,-76.4,-9999
2016-07-27,16.677,B200,37.47,-76.8,740
2016-07-27,16.867,C130,38.7,-75.58,300
2016-07-27,17.342,B200,39.39,-77.72,1112
2016-07-27,18.042,B200,40.77,-77.94,2070
2016-07-27,18.237,B200,40.75,-77.99,2080
2016-07-27,18.557,C130,40.79,-77.99,2289
2016-07-27,18.787,C130,40.76,-78.01,2240
2016-07-27,19.012,C130,40.87,-78.07,-9999
2016-07-27,19.277,B200,43.34,-78.82,1480
2016-07-27,19.357,C130,40.65,-77.99,-9999
2016-07-27,19.602,B200,42.18,-78.44,2160
2016-07-27,19.787,B200,41.56,-78.24,2336
2016-07-27,20.102,C130,42.81,-78.65,-9999
2016-07-27,20.417,B200,39.63,-77.63,1680
2016-07-27,21.147,C130,38.48,-75.74,830
2016-07-27,21.342,B200,39.39,-77.82,800
2016-07-27,22.037,B200,37.14,-76.63,850
2016-08-03,14.467,B200,40.84,-97.05,752
2016-08-03,16.087,C130,40.8,-96.99,785
2016-08-03,16.537,C130,41.1,-99.68,-9999
2016-08-03,17.017,C130,41.32,-102.72,-9999
2016-08-03,17.237,B200,45.87,-105.85,2210
2016-08-03,17.932,C130,44.66,-105.64,-9999
2016-08-03,18.017,C130,45.09,-105.69,-9999
2016-08-03,18.387,C130,46.39,-105.96,-9999
2016-08-03,18.582,B200,42.96,-106.36,-9999
2016-08-03,19.567,C130,41.72,-104.15,1645
2016-08-03,19.782,C130,41.34,-103.13,-9999
2016-08-03,20.627,C130,40.95,-97.46,1630
2016-08-03,20.662,B200,41.37,-103.64,2508
2016-08-03,20.792,B200,41.34,-103.03,2885
2016-08-03,22.212,B200,40.88,-96.84,-9999
2016-08-04,16.292,C130,40.33,-95.74,878
2016-08-04,16.432,B200,40.75,-96.62,908
2016-08-04,16.992,C130,39.1,-93.18,650
2016-08-04,17.212,B200,39.27,-93.55,705
2016-08-04,17.532,C130,38.57,-92.06,770
2016-08-04,17.812,C130,39.2,-93.37,-9999
2016-08-04,18.837,C130,41.87,-98.64,-9999
2016-08-04,18.927,C130,42.09,-99.06,-9999
2016-08-04,19.172,C130,42.83,-100,3310
2016-08-04,19.232,B200,42.52,-99.9,1678
2016-08-04,19.287,C130,43.35,-100.03,-9999
2016-08-04,19.397,C130,43.86,-100.06,-9999
2016-08-04,19.697,C130,44.71,-100.1,2180
2016-08-04,20.007,B200,41.08,-97.25,1775
2016-08-04,20.467,C130,42.16,-99.27,1725
2016-08-04,20.802,C130,41.28,-97.47,1410
2016-08-05,17.352,B200,41.11,-97.05,1427
2016-08-05,17.927,C130,41.08,-97.82,1614
2016-08-05,18.162,B200,42.84,-99.69,-9999
2016-08-05,18.932,B200,44.27,-102.1,2887
2016-08-05,20.047,B200,46.82,-103.27,3136
2016-08-05,20.392,B200,47.41,-103.51,3386
2016-08-05,20.447,C130,49.05,-104.16,-9999
2016-08-05,20.672,B200,48.23,-103.69,3512
2016-08-05,21.052,B200,48.22,-101.73,-9999
2016-08-05,22.002,C130,41.7,-101.04,-9999
2016-08-05,22.052,B200,48.24,-101.53,2305
2016-08-05,22.662,C130,40.84,-97.05,1695
2016-08-05,23.357,B200,44.3,-102.15,3184
2016-08-05,23.527,B200,43.94,-101.57,3356
2016-08-05,23.737,B200,43.43,-100.73,3308
2016-08-05,23.922,B200,43.03,-100.08,2618
2016-08-05,24.187,B200,42.39,-99.05,2289
2016-08-05,24.382,B200,41.92,-98.34,1896
2016-08-05,24.807,B200,40.86,-96.97,1520
2016-08-08,16.237,C130,40.18,-96.59,770
2016-08-08,16.727,B200,40.57,-96.71,1223
2016-08-08,17.392,C130,35.71,-97.15,980
2016-08-08,17.997,C130,35.66,-98.32,908
2016-08-08,18.157,B200,35.96,-97.13,1250
2016-08-08,19.432,C130,41.58,-96.63,-9999
2016-08-08,19.952,B200,41.62,-96.63,910
2016-08-08,19.957,C130,41.6,-95.38,1317
2016-08-08,20.232,C130,41.31,-96.58,1290
2016-08-08,20.332,B200,40.95,-96.7,880
2016-08-09,16.582,C130,40.74,-96.62,925
2016-08-09,17.482,B200,40.71,-96.76,972
2016-08-09,17.657,C130,37.95,-91.58,1427
2016-08-09,17.992,B200,38.99,-96.56,1335
2016-08-09,18.827,C130,37.92,-96.88,1585
2016-08-09,19.252,B200,39.3,-91.99,1050
2016-08-09,19.407,B200,39.84,-92,908
2016-08-09,19.972,C130,40.9,-91.57,1207
2016-08-09,20.677,B200,40.23,-96.86,1441
2016-08-09,20.822,B200,40.69,-96.86,800
2016-08-10,16.597,C130,40.87,-96.58,1010
2016-08-10,17.662,C130,43.5,-91.15,1400
2016-08-10,18.907,C130,43.19,-97.56,1810
2016-08-10,20.127,C130,40.97,-91.19,940
2016-08-12,16.282,C130,40.42,-95.63,1112
2016-08-12,17.012,B200,40.79,-96.53,990
2016-08-12,17.432,C130,38.12,-89.8,-9999
2016-08-12,17.797,C130,39.13,-89.02,650
2016-08-12,17.817,B200,39.24,-93.08,-9999
2016-08-12,17.907,B200,39.05,-92.7,-9999
2016-08-12,18.292,C130,37.9,-90.23,1223
2016-08-12,18.677,B200,37.94,-90.29,1098
2016-08-12,18.957,B200,38.34,-91.34,767
2016-08-12,19.092,B200,38.57,-91.79,1096
2016-08-12,19.937,C130,42.06,-97.47,-9999
2016-08-12,20.247,C130,42.73,-97,1330
2016-08-12,20.437,C130,42.73,-96.96,-9999
2016-08-13,17.097,C130,40.99,-96.56,-9999
2016-08-13,17.487,C130,41.95,-94.49,1333
2016-08-13,17.552,C130,42.12,-94.24,1395
2016-08-13,18.017,B200,41.03,-96.85,1250
2016-08-13,18.097,C130,43.77,-92.58,1450
2016-08-13,18.562,B200,42.62,-97.63,1270
2016-08-13,19.197,C130,43.63,-97.94,-9999
2016-08-13,19.222,B200,43.09,-95.37,1505
2016-08-13,19.347,B200,43.11,-94.76,1440
2016-08-13,19.592,C130,42.13,-96.28,1270
2016-08-13,19.667,C130,41.98,-95.94,1630
2016-08-13,19.782,B200,42.96,-92.83,1615
2016-08-13,20.017,B200,42.23,-92.85,1411
2016-08-13,20.342,C130,41.51,-91.89,1144
2016-08-13,20.592,B200,42.22,-95.21,1380
2016-08-13,20.732,B200,42.2,-95.77,1441
2016-08-13,21.222,B200,41.95,-97.47,1850
2016-08-13,21.447,B200,41.19,-97.02,1646
2016-08-13,21.587,C130,41.3,-97.85,1804
2016-08-13,21.732,C130,40.94,-97.11,1490
2016-08-14,17.072,C130,41,-96.84,840
2016-08-14,17.407,C130,41.99,-97.45,1000
2016-08-14,17.982,B200,40.76,-96.77,-9999
2016-08-14,18.132,B200,40.22,-96.68,1128
2016-08-14,18.617,C130,42.12,-91.39,1450
2016-08-14,18.767,B200,39.9,-94.42,1363
2016-08-14,18.862,B200,39.9,-94.02,1112
2016-08-14,18.907,C130,41.33,-92.79,-9999
2016-08-14,19.372,B200,40.08,-92.24,1427
2016-08-14,19.632,B200,40.91,-92.48,1035
2016-08-14,19.912,C130,38.83,-96.86,1427
2016-08-14,20.362,B200,41.13,-95.39,1662
2016-08-14,20.457,B200,41.12,-95.78,1600
2016-08-14,20.757,B200,41.01,-96.89,1411
2016-08-14,20.837,B200,40.81,-96.8,830
2016-08-14,21.057,C130,39.14,-91.61,1310
2016-08-14,21.932,C130,40.73,-96.51,1489
2016-08-16,15.152,C130,40.7,-96.7,720
2016-08-16,15.242,B200,40.64,-96.65,750
2016-08-16,15.717,C130,38.21,-95.67,740
2016-08-16,15.827,C130,37.76,-95.51,650
2016-08-16,15.912,B200,38.1,-95.63,-9999
2016-08-16,16.007,B200,37.78,-95.51,-9999
2016-08-16,17.187,C130,33.85,-96.03,-9999
2016-08-16,17.192,B200,33.73,-94.75,785
2016-08-16,17.697,B200,33.8,-96.65,-9999
2016-08-16,17.822,C130,33.55,-92.25,-9999
2016-08-16,17.902,C130,33.51,-91.81,-9999
2016-08-16,18.057,C130,33.66,-91.95,-9999
2016-08-16,18.947,C130,32.35,-93.83,390
2016-08-16,19.282,B200,33.8,-96.47,1427
2016-08-16,20.157,B200,32.54,-93.78,450
2016-08-19,13.007,C130,32.33,-93.93,312
2016-08-19,13.342,C130,30.98,-94.09,-9999
2016-08-19,13.447,C130,30.58,-94.08,-9999
2016-08-19,13.972,C130,29.31,-92.78,-9999
2016-08-19,14.077,C130,29.31,-92.27,-9999
2016-08-19,14.082,B200,32.26,-93.99,250
2016-08-19,14.767,B200,29.95,-94.11,800
2016-08-19,14.887,C130,32.16,-91.05,-9999
2016-08-19,14.972,C130,32.29,-91.38,-9999
2016-08-19,15.367,B200,29.32,-92.59,650
2016-08-19,15.492,C130,32.43,-93.69,-9999
2016-08-19,15.512,B200,29.31,-92.06,450
2016-08-19,16.312,C130,30.61,-91.03,-9999
2016-08-19,16.727,B200,32.25,-91.27,500
2016-08-19,16.752,C130,29.64,-91.04,-9999
2016-08-19,16.822,B200,32.27,-91.6,-9999
2016-08-19,17.187,C130,31.74,-91.01,-9999
2016-08-19,17.307,C130,32.2,-91.11,-9999
2016-08-19,17.757,C130,32.52,-93.39,862
2016-08-20,14.777,B200,32.09,-93.83,200
2016-08-20,14.992,C130,32.32,-93.78,270
2016-08-20,15.462,B200,29.84,-93.88,660
2016-08-20,15.977,C130,29.34,-92.68,705
2016-08-20,16.377,C130,29.73,-93.69,770
2016-08-20,16.852,B200,33.19,-93.81,485
2016-08-20,17.842,B200,35.33,-94.2,270
2016-08-20,18.297,C130,37.35,-95.63,1285
2016-08-20,18.762,C130,38.24,-94.58,1333
2016-08-20,19.237,B200,35.47,-94.02,580
2016-08-20,19.657,B200,36.43,-94.93,-9999
2016-08-20,20.117,B200,37.36,-95.59,1678
2016-08-20,20.197,C130,32.78,-93.85,300
2016-08-20,21.307,B200,33.01,-93.86,440
2016-08-21,14.847,B200,32.58,-93.51,175
2016-08-21,14.942,C130,32.52,-93.8,312
2016-08-21,15.517,C130,30.26,-93.71,-9999
2016-08-21,15.812,B200,33.52,-89.26,650
2016-08-21,15.857,C130,29.33,-93,550
2016-08-21,16.322,B200,34.83,-88.94,-9999
2016-08-21,16.402,C130,30.39,-93.7,613
2016-08-21,16.472,B200,35.29,-88.98,735
2016-08-21,17.522,C130,35.69,-93.89,-9999
2016-08-21,17.992,C130,36.37,-93.85,1614
2016-08-21,18.107,B200,33.26,-90.81,670
2016-08-21,18.267,B200,32.77,-90.47,-9999
2016-08-21,18.317,C130,36.36,-93.88,1724
2016-08-21,18.472,B200,32.25,-90.11,450
2016-08-21,19.212,C130,36.2,-89.75,-9999
2016-08-21,20.387,B200,32.46,-90.2,895
2016-08-21,20.707,C130,32.72,-93.87,-9999
2016-08-21,20.797,B200,32.87,-91.56,870
2016-08-21,23.367,B200,32.43,-93.79,-9999
2016-08-22,16.067,C130,32.48,-93.73,200
2016-08-22,17.117,B200,32.42,-93.88,611
2016-08-22,17.227,C130,36.2,-89.68,1210
2016-08-22,17.802,B200,34.78,-94.69,480
2016-08-22,18.427,C130,36.15,-95.32,1700
2016-08-22,19.027,B200,35.09,-90.84,1239
2016-08-22,19.207,B200,34.52,-90.77,800
2016-08-22,19.587,C130,33.49,-89.49,800
2016-08-22,20.317,B200,33.92,-94.62,590
2016-08-22,20.732,B200,32.71,-93.94,800
2016-08-22,20.762,C130,33.52,-95.12,900
2016-08-22,21.137,C130,32.76,-94.1,450
2016-08-23,14.337,B200,31.99,-94.01,290
2016-08-23,14.792,B200,30.4,-94.01,400
2016-08-23,15.627,B200,28.72,-95.53,650
2016-08-23,16.147,B200,29.77,-93.98,730
2016-08-23,16.517,B200,31.03,-94.04,890
2016-08-23,16.892,B200,32.37,-93.99,300
2016-08-24,14.482,C130,32.33,-93.91,400
2016-08-24,15.097,B200,31.99,-94.01,500
2016-08-24,15.587,B200,30.36,-93.98,547
2016-08-24,16.472,B200,28.93,-95.79,590
2016-08-24,16.697,C130,32.24,-94.11,970
2016-08-24,16.952,B200,30.73,-96.28,-9999
2016-08-24,17.227,B200,31.76,-96.06,1018
2016-08-24,17.467,C130,29.36,-94.28,600
2016-08-24,17.847,B200,32.28,-94.07,-9999
2016-08-24,17.932,C130,28.65,-95.66,-9999
2016-08-24,18.982,C130,30.64,-93.99,400
2016-08-24,19.462,C130,30.79,-96.26,700
2016-08-24,19.822,C130,32.2,-95.84,1240
2016-08-24,20.142,C130,32.32,-94.2,1210
2016-08-27,15.342,C130,32.31,-93.77,310
2016-08-27,16.772,C130,33.52,-86.21,-9999
2016-08-27,17.472,C130,31.02,-86.04,1080
2016-08-27,17.647,B200,32.48,-93.59,580
2016-08-27,18.082,C130,33.55,-87.74,1480
2016-08-27,18.492,B200,33.36,-90.35,1200
2016-08-27,19.032,C130,30.73,-88.75,1240
2016-08-27,19.517,B200,31.44,-89.19,1210
2016-08-27,19.917,C130,33.63,-90.64,-9999
2016-08-27,19.987,B200,30.93,-90.04,1300
2016-08-27,20.382,C130,32.77,-93.05,500
2016-08-27,21.077,B200,33.24,-91.52,1170
2016-08-27,21.547,B200,32.6,-93.44,1190
2016-08-28,16.547,C130,32.45,-93.87,580
2016-08-28,17.192,C130,31.05,-91.31,808
2016-08-28,17.647,B200,30.93,-93.7,800
2016-08-28,17.872,B200,30.84,-92.92,990
2016-08-28,17.957,C130,34.11,-91.35,1001
2016-08-28,19.047,C130,31.57,-95.36,750
2016-08-28,19.662,C130,33.9,-95.39,1090
2016-08-28,20.077,C130,32.54,-94.24,550
2017-10-03,16.076,C130,37.936,-75.481,1135
2017-10-03,16.571,B200,37.17,-76.417,1110
2017-10-03,16.989,C130,38.643,-79.157,1520
2017-10-03,17.538,B200,39.122,-79.799,1410
2017-10-03,18.412,B200,37.588,-82.556,1615
2017-10-03,18.513,B200,37.559,-82.474,1535
2017-10-03,18.684,C130,39.995,-80.16,1360
2017-10-03,19.195,B200,38.768,-80.446,1385
2017-10-03,20.177,B200,37.335,-76.885,1075
2017-10-03,20.964,C130,37.747,-76.564,995
2017-10-04,15.996,C130,37.958,-75.508,785
2017-10-04,16.812,C130,39.443,-77.827,820
2017-10-04,17.734,C130,42.001,-78.53,1880
2017-10-04,18.263,C130,40.543,-76.961,995
2017-10-04,18.409,C130,40.064,-76.463,1045
2017-10-04,18.553,C130,39.592,-75.938,890
2017-10-04,19.292,B200,37.1,-76.433,1015
2017-10-04,19.323,C130,41.858,-76.514,1335
2017-10-04,19.783,C130,41.351,-76.423,1275
2017-10-04,19.884,B200,38.441,-78.36,1395
2017-10-04,20.542,C130,38.494,-75.569,580
2017-10-04,21.756,B200,39.2,-78.862,1360
2017-10-04,22.52,B200,37.187,-76.621,300
2017-10-05,17.313,B200,37.036,-76.499,1250
2017-10-05,17.552,C130,37.901,-75.583,830
2017-10-05,19.001,B200,42.113,-78.076,1415
2017-10-05,19.034,C130,42.161,-78.069,870
2017-10-05,19.541,C130,42.898,-78.034,1230
2017-10-05,20.488,B200,38.036,-78.177,1680
2017-10-05,20.839,B200,37.35,-76.861,950
2017-10-05,20.869,C130,38.102,-78.196,1715
2017-10-05,20.984,C130,38.106,-78.301,1690
2017-10-05,21.373,C130,37.643,-76.129,890
2017-10-08,14.299,C130,37.944,-75.584,500
2017-10-08,14.892,B200,37.047,-76.479,675
2017-10-08,15.671,C130,40.801,-80.586,1090
2017-10-08,16.535,B200,40.782,-80.869,1015
2017-10-08,16.638,C130,41.651,-85.041,980
2017-10-08,17.621,C130,40.822,-80.21,1195
2017-10-08,17.712,C130,40.75,-79.698,1405
2017-10-08,18.541,C130,37.869,-76.937,920
2017-10-10,15.569,C130,37.926,-75.59,850
2017-10-10,16.035,B200,37.049,-76.456,456
2017-10-10,17.048,C130,39.753,-82.014,1185
2017-10-10,17.621,B200,39.909,-82.102,1024
2017-10-10,18.12,C130,42.882,-85.107,870
2017-10-10,20.444,C130,37.735,-75.895,360
2017-10-11,16.013,C130,37.946,-75.627,450
2017-10-11,16.746,B200,37.051,-76.49,350
2017-10-11,17.724,B200,40.471,-75.778,1250
2017-10-11,17.728,C130,37.746,-78.483,710
2017-10-11,19.052,C130,37.584,-84.821,960
2017-10-11,19.437,B200,37.682,-79.032,900
2017-10-11,19.96,B200,37.349,-76.979,550
2017-10-11,20.495,C130,37.786,-77.043,460
2017-10-14,15.944,C130,37.912,-75.637,450
2017-10-14,16.502,C130,38.498,-78.021,1150
2017-10-14,16.678,B200,37.113,-76.328,520
2017-10-14,17.187,B200,37.303,-78.517,815
2017-10-14,17.334,C130,39.646,-81.857,1220
2017-10-14,18.258,C130,40.348,-77.53,855
2017-10-14,18.326,B200,37.572,-82.81,1685
2017-10-14,18.452,B200,37.934,-82.695,1380
2017-10-14,19.023,C130,41.056,-80.94,1360
2017-10-14,19.716,B200,38.062,-78.976,1895
2017-10-14,20.312,B200,37.157,-77.005,350
2017-10-14,20.334,C130,38.659,-75.532,650
2017-10-18,17.028,C130,40.764,-96.823,785
2017-10-18,17.958,B200,40.858,-96.879,810
2017-10-18,18.128,C130,45.365,-97.123,1275
2017-10-18,18.383,B200,41.274,-98.561,1445
2017-10-18,20.241,B200,39.377,-92.647,1145
2017-10-18,20.331,C130,40.918,-88.559,1450
2017-10-18,21.02,B200,40.221,-95.412,1245
2017-10-18,21.187,B200,40.389,-95.777,1275
2017-10-18,21.603,B200,40.706,-96.312,1505
2017-10-18,22.527,C130,40.78,-95.884,1980
2017-10-20,16.155,C130,40.8,-96.69,850
2017-10-20,16.344,B200,40.64,-96.506,915
2017-10-20,16.841,B200,40.682,-96.528,860
2017-10-20,16.894,C130,40.673,-96.729,1150
2017-10-20,17.335,C130,40.779,-96.538,1280
2017-10-20,17.845,B200,40.834,-96.591,1085
2017-10-20,17.98,C130,43.771,-97.779,1370
2017-10-20,18.396,B200,40.827,-93.771,1095
2017-10-20,18.545,B200,40.812,-93.148,1360
2017-10-20,18.86,C130,43.721,-93.593,1325
2017-10-20,18.958,B200,40.735,-90.978,980
2017-10-20,19.016,C130,43.698,-92.687,1315
2017-10-20,19.624,C130,43.57,-89.433,940
2017-10-20,20.458,C130,43.711,-93.113,1460
2017-10-20,20.549,C130,43.625,-93.482,1450
2017-10-20,21.144,C130,41.236,-93.19,1250
2017-10-20,21.28,C130,40.822,-93.306,1385
2017-10-20,21.81,C130,40.879,-96.164,1990
2017-10-21,16.069,C130,40.758,-96.726,945
2017-10-21,16.339,C130,40.537,-95.153,1165
2017-10-21,16.459,B200,40.787,-96.511,2055
2017-10-21,16.474,C130,40.441,-94.484,1105
2017-10-21,17.162,B200,40.201,-92.847,1270
2017-10-21,18.32,C130,41.009,-99.541,1495
2017-10-21,20.033,B200,40.908,-97.462,1235
2017-10-21,20.383,C130,40.996,-97.786,1350
2017-10-22,13.813,B200,40.829,-96.883,805
2017-10-22,15.852,B200,35.418,-98.837,890
2017-10-22,16.255,C130,40.749,-96.803,650
2017-10-22,18.101,C130,35.49,-98.594,1250
2017-10-22,18.191,C130,35.492,-98.665,1310
2017-10-22,18.81,B200,37.319,-99.291,920
2017-10-22,19.863,B200,38.128,-99.676,1015
2017-10-22,21.13,C130,39.114,-100.141,2310
2017-10-22,21.291,C130,39.381,-100.347,2260
2017-10-22,22.428,C130,40.86,-97.204,2215
2017-10-24,16.334,C130,40.942,-96.775,1670
2017-10-24,17.017,C130,42.455,-99.165,1750
2017-10-24,17.642,C130,43.68,-96.953,1460
2017-10-24,17.796,C130,43.927,-96.204,1790
2017-10-24,18.264,C130,44.453,-93.927,1500
2017-10-24,18.798,B200,40.912,-96.845,1315
2017-10-24,18.963,C130,41.499,-96.277,2280
2017-10-24,19.023,B200,41.236,-97.553,1820
2017-10-24,20.416,B200,43.12,-93.425,1680
2017-10-24,21.241,B200,41.079,-96.295,1890
2017-10-26,16.762,B200,40.888,-96.689,1450
2017-10-26,17.353,C130,40.915,-96.683,1540
2017-10-26,19.024,C130,41.317,-95.293,1670
2017-10-26,20.802,C130,44.057,-98.664,1850
2017-10-26,21.424,C130,41.251,-96.899,1885
2017-10-27,13.885,B200,40.879,-96.936,1450
2017-10-27,16.005,B200,35.465,-99.546,1480
2017-10-27,16.424,C130,40.908,-96.843,2250
2017-10-27,18.203,C130,35.388,-99.49,1850
2017-10-27,18.421,C130,35.443,-99.502,1915
2017-10-27,19.524,B200,38.355,-100.36,1850
2017-10-27,20.177,B200,38.33,-100.348,1950
2017-10-27,21.17,C130,40.554,-101.012,2505
2017-10-27,21.323,C130,40.512,-101.115,2560
2017-10-27,21.871,C130,40.735,-97.642,1675
2017-10-30,16.016,C130,40.785,-96.646,1722
2017-10-30,16.398,B200,40.837,-96.701,2235
2017-10-30,16.974,B200,38.533,-95.749,1980
2017-10-30,17.601,B200,39.351,-92.466,1010
2017-10-30,19.777,C130,32.948,-94.01,1495
2017-11-02,17.33,B200,32.373,-93.838,1370
2017-11-02,17.571,C130,32.381,-93.725,1325
2017-11-02,18.159,C130,32.834,-90.466,680
2017-11-02,18.627,B200,29.669,-92.471,570
2017-11-02,19.58,C130,33.913,-94.204,1450
2017-11-02,19.677,C130,34.065,-94.612,1460
2017-11-02,20.316,B200,30.5,-96.875,1055
2017-11-02,21.124,B200,32.276,-94.086,1225
2017-11-02,22.753,C130,32.809,-94.262,1450
2017-11-03,17.003,C130,32.402,-93.718,665
2017-11-03,17.433,C130,34.264,-93.453,985
2017-11-03,17.52,B200,32.441,-93.903,756
2017-11-03,17.887,B200,33.082,-95.089,1610
2017-11-03,18.063,C130,36.879,-93.722,910
2017-11-03,18.762,B200,34.822,-97.598,1030
2017-11-05,17.355,C130,32.364,-93.788,1350
2017-11-05,17.72,C130,30.857,-94.118,1610
2017-11-05,17.996,B200,32.367,-93.874,1077
2017-11-05,18.17,C130,30.458,-92.421,1910
2017-11-05,18.27,C130,30.563,-91.969,2040
2017-11-05,18.677,B200,29.875,-93.484,735
2017-11-05,18.867,C130,30.676,-89.179,1575
2017-11-05,19.506,B200,29.151,-90.88,715
2017-11-05,19.623,B200,29.081,-90.468,530
2017-11-05,19.981,B200,29.533,-89.535,630
2017-11-05,20.06,C130,33.569,-88.851,850
2017-11-05,20.553,B200,31.512,-89.377,1050
2017-11-05,20.937,C130,33.685,-92.398,1025
2017-11-05,20.999,C130,33.707,-92.635,1050
2017-11-05,21.183,B200,31.879,-91.267,985
2017-11-05,21.302,B200,31.875,-91.651,1095
2017-11-05,21.552,C130,33.844,-95.228,1550
2017-11-05,22.113,C130,32.577,-93.484,1630
2017-11-06,18.155,C130,32.354,-93.759,1215
2017-11-06,18.341,C130,31.7,-93.948,1050
2017-11-06,18.408,B200,32.366,-93.877,1070
2017-11-06,18.71,C130,30.347,-93.948,1550
2017-11-06,19.276,B200,29.493,-93.894,1035
2017-11-06,19.958,B200,29.353,-92.15,675
2017-11-06,20.299,B200,29.461,-93.282,580
2017-11-06,20.783,C130,29.288,-91.978,1250
2017-11-06,20.927,B200,29.359,-92.244,1230
2017-11-06,21.441,C130,31.42,-91.166,1450
2017-11-06,21.458,B200,30.893,-91.38,1215
2017-11-06,22.088,C130,32.087,-93.912,1560
2017-11-09,15.123,B200,32.364,-93.945,550
2017-11-09,16.314,C130,32.487,-93.92,650
2017-11-09,17.359,B200,38.16,-97.092,880
2017-11-09,17.985,C130,38.109,-96.921,930
2017-11-09,18.119,C130,38.305,-96.973,1015
2017-11-09,19.066,B200,36.677,-96.319,1225
2017-11-09,19.613,B200,36.686,-96.323,1385
2017-11-09,20.237,C130,32.712,-94.767,1115
2017-11-09,20.383,C130,32.672,-94.91,1235
2017-11-09,20.835,C130,32.258,-93.813,1150
2017-11-10,17.913,C130,32.491,-93.593,925
2017-11-10,18.277,B200,32.456,-93.878,950
2017-11-10,19.028,C130,32.406,-89.331,1250
2017-11-10,19.135,C130,32.068,-88.972,1285
2017-11-10,19.248,B200,35.668,-94.941,1475
2017-11-10,19.627,C130,30.616,-87.394,950
2017-11-10,20.871,C130,34.118,-91.132,945
2017-11-10,21.326,B200,30.486,-94.561,1215
2017-11-10,21.749,B200,31.824,-94.052,1445
2018-04-12,13.092,B200,37.068,-76.493,385
2018-04-12,13.092,B200,37.068,-76.493,385
2018-04-12,16.398,B200,30.695,-88.622,1137
2018-04-12,16.398,B200,30.695,-88.622,1137
2018-04-12,17.844,B200,30.285,-88.941,380
2018-04-12,17.844,B200,30.285,-88.941,380
2018-04-12,17.914,B200,30.12,-88.782,905
2018-04-12,17.914,B200,30.12,-88.782,905
2018-04-12,18.52,B200,28.667,-89.291,1470
2018-04-12,18.52,B200,28.667,-89.291,1470
2018-04-12,19.246,B200,28.8,-91.575,1410
2018-04-12,19.246,B200,28.8,-91.575,1410
2018-04-12,19.671,B200,30.269,-92.362,960
2018-04-12,19.671,B200,30.269,-92.362,960
2018-04-12,21.453,B200,31.624,-90.183,1450
2018-04-12,21.453,B200,31.624,-90.183,1450
2018-04-12,21.838,B200,32.912,-90.573,1245
2018-04-12,21.838,B200,32.912,-90.573,1245
2018-04-12,21.846,B200,32.906,-90.609,1230
2018-04-12,21.846,B200,32.906,-90.609,1230
2018-04-14,15.445,B200,32.456,-93.91,915
2018-04-14,15.445,B200,32.456,-93.91,915
2018-04-14,16.898,B200,36.719,-96.373,1895
2018-04-14,16.898,B200,36.719,-96.373,1895
2018-04-14,17.231,B200,35.755,-96.322,1950
2018-04-14,17.231,B200,35.755,-96.322,1950
2018-04-14,17.564,B200,34.69,-96.28,2070
2018-04-14,17.564,B200,34.69,-96.28,2070
2018-04-14,17.967,B200,33.481,-96.106,1715
2018-04-14,17.967,B200,33.481,-96.106,1715
2018-04-14,18.383,B200,32.674,-94.311,1285
2018-04-14,18.383,B200,32.674,-94.311,1285
2018-04-16,16.851,B200,32.48,-93.913,300
2018-04-16,16.851,B200,32.48,-93.913,300
2018-04-16,18.169,B200,28.804,-93.307,540
2018-04-16,18.169,B200,28.804,-93.307,540
2018-04-16,19.377,B200,31.837,-94.032,1110
2018-04-16,19.377,B200,31.837,-94.032,1110
2018-04-16,20.36,B200,29.868,-93.311,560
2018-04-16,20.36,B200,29.868,-93.311,560
2018-04-16,21.096,B200,30.05,-93.239,1050
2018-04-16,21.096,B200,30.05,-93.239,1050
2018-04-16,21.48,B200,28.94,-93.265,540
2018-04-16,21.48,B200,28.94,-93.265,540
2018-04-16,21.594,B200,28.98,-93.276,555
2018-04-16,21.594,B200,28.98,-93.276,555
2018-04-16,21.955,B200,30.232,-93.598,1200
2018-04-16,21.955,B200,30.232,-93.598,1200
2018-04-16,22.092,B200,30.669,-93.713,1420
2018-04-16,22.092,B200,30.669,-93.713,1420
2018-04-16,22.612,B200,32.44,-94.06,1195
2018-04-16,22.612,B200,32.44,-94.06,1195
2018-04-17,18.003,B200,32.422,-93.923,590
2018-04-17,18.003,B200,32.422,-93.923,590
2018-04-17,18.685,B200,31.865,-96.358,1405
2018-04-17,18.685,B200,31.865,-96.358,1405
2018-04-17,19.812,B200,31.503,-92.078,1510
2018-04-17,19.812,B200,31.503,-92.078,1510
2018-04-17,20.471,B200,32.839,-94.241,1430
2018-04-17,20.471,B200,32.839,-94.241,1430
2018-04-17,20.577,B200,33.034,-94.581,1680
2018-04-17,20.577,B200,33.034,-94.581,1680
2018-04-17,21.134,B200,33.835,-96.544,1430
2018-04-17,21.134,B200,33.835,-96.544,1430
2018-04-17,22.862,B200,33.726,-94.13,1380
2018-04-17,22.862,B200,33.726,-94.13,1380
2018-04-17,23.431,B200,33.432,-92.1,1660
2018-04-17,23.431,B200,33.432,-92.1,1660
2018-04-17,23.858,B200,32.711,-93.54,1420
2018-04-17,23.858,B200,32.711,-93.54,1420
2018-04-18,14.517,B200,32.376,-93.883,1015
2018-04-18,14.517,B200,32.376,-93.883,1015
2018-04-18,15.271,B200,30.27,-94.202,1305
2018-04-18,15.271,B200,30.27,-94.202,1305
2018-04-18,18.573,B200,33.504,-93.976,1410
2018-04-18,18.573,B200,33.504,-93.976,1410
2018-04-18,20.077,B200,36.743,-94.644,2360
2018-04-18,20.077,B200,36.743,-94.644,2360
2018-04-19,17.381,B200,32.523,-93.845,1090
2018-04-19,17.381,B200,32.523,-93.845,1090
2018-04-19,18.276,B200,35.356,-91.606,1660
2018-04-19,18.276,B200,35.356,-91.606,1660
2018-04-19,18.944,B200,34.515,-89.808,1630
2018-04-19,18.944,B200,34.515,-89.808,1630
2018-04-19,20.798,B200,33.517,-91.26,1528
2018-04-19,20.798,B200,33.517,-91.26,1528
2018-04-19,21.387,B200,32.554,-93.543,1550
2018-04-19,21.387,B200,32.554,-93.543,1550
2018-04-20,19.085,B200,32.367,-93.827,1280
2018-04-20,19.085,B200,32.367,-93.827,1280
2018-04-20,19.884,B200,34.744,-95.685,1450
2018-04-20,19.884,B200,34.744,-95.685,1450
2018-04-20,21.014,B200,31.457,-95.803,1085
2018-04-20,21.014,B200,31.457,-95.803,1085
2018-04-20,21.13,B200,31.499,-95.854,960
2018-04-20,21.13,B200,31.499,-95.854,960
2018-04-20,21.569,B200,30.672,-94.779,1130
2018-04-20,21.569,B200,30.672,-94.779,1130
2018-04-20,21.848,B200,31.603,-95.041,1190
2018-04-20,21.848,B200,31.603,-95.041,1190
2018-04-20,22.576,B200,33.85,-95.06,1402
2018-04-20,22.576,B200,33.85,-95.06,1402
2018-04-20,22.996,B200,32.717,-94.081,1340
2018-04-20,22.996,B200,32.717,-94.081,1340
2018-04-22,15.091,B200,32.369,-93.843,990
2018-04-22,15.091,B200,32.369,-93.843,990
2018-04-22,15.385,B200,31.922,-92.639,780
2018-04-22,15.385,B200,31.922,-92.639,780
2018-04-22,17.092,B200,29.607,-87.913,790
2018-04-22,17.092,B200,29.607,-87.913,790
2018-04-22,17.485,B200,29.579,-87.541,480
2018-04-22,17.485,B200,29.579,-87.541,480
2018-04-22,18.492,B200,30.409,-87.191,730
2018-04-22,18.492,B200,30.409,-87.191,730
2018-04-22,20.841,B200,32.186,-93.369,1105
2018-04-22,20.841,B200,32.186,-93.369,1105
2018-04-23,15.081,B200,37.966,-75.49,390
2018-04-23,15.081,B200,37.966,-75.49,390
2018-04-23,18.353,B200,36.089,-89.718,1150
2018-04-23,18.353,B200,36.089,-89.718,1150
2018-04-23,19.051,B200,36.192,-88.967,950
2018-04-23,19.051,B200,36.192,-88.967,950
2018-04-23,19.585,B200,40.238,-96.084,660
2018-04-23,20.076,B200,40.357,-96.02,1450
2018-04-23,20.076,B200,40.357,-96.02,1450
2018-04-23,20.585,B200,40.238,-96.084,660
2018-04-25,15.924,B200,40.93,-96.808,690
2018-04-25,15.924,B200,40.93,-96.808,690
2018-04-25,16.995,C130,40.914,-96.864,850
2018-04-25,16.995,C130,40.914,-96.864,850
2018-04-25,17.716,B200,46.729,-100.27,1880
2018-04-25,17.716,B200,46.729,-100.27,1880
2018-04-25,18.752,B200,46.712,-100.637,1530
2018-04-25,18.752,B200,46.712,-100.637,1530
2018-04-25,19.514,B200,44.703,-99.129,1650
2018-04-25,19.514,B200,44.703,-99.129,1650
2018-04-25,20.07,B200,44.533,-99.012,1610
2018-04-25,20.07,B200,44.533,-99.012,1610
2018-04-25,21.164,B200,41.196,-97.722,1930
2018-04-25,21.164,B200,41.196,-97.722,1930
2018-04-25,21.355,B200,40.861,-96.959,1730
2018-04-25,21.355,B200,40.861,-96.959,1730
2018-04-25,21.474,C130,42.525,-98.316,1745
2018-04-25,21.474,C130,42.525,-98.316,1745
2018-04-26,16.938,C130,40.735,-96.708,1310
2018-04-26,16.938,C130,40.735,-96.708,1310
2018-04-26,17.442,C130,38.504,-95.802,1380
2018-04-26,17.442,C130,38.504,-95.802,1380
2018-04-26,17.678,B200,40.783,-96.625,1450
2018-04-26,17.678,B200,40.783,-96.625,1450
2018-04-26,17.877,C130,36.926,-94.509,1015
2018-04-26,17.877,C130,36.926,-94.509,1015
2018-04-26,18.309,B200,38.419,-95.769,980
2018-04-26,18.309,B200,38.419,-95.769,980
2018-04-26,20.137,C130,43.793,-99.987,2250
2018-04-26,20.137,C130,43.793,-99.987,2250
2018-04-26,20.439,B200,43.789,-98.042,2520
2018-04-26,20.439,B200,43.789,-98.042,2520
2018-04-26,20.646,C130,43.793,-97.932,2570
2018-04-26,20.646,C130,43.793,-97.932,2570
2018-04-26,21.126,B200,41.044,-96.864,1885
2018-04-26,21.126,B200,41.044,-96.864,1885
2018-04-26,21.377,C130,41.661,-97.101,2200
2018-04-26,21.377,C130,41.661,-97.101,2200
2018-04-27,15.978,B200,40.912,-96.688,1280
2018-04-27,15.978,B200,40.912,-96.688,1280
2018-04-27,17.494,C130,41.028,-92.852,1750
2018-04-27,17.494,C130,41.028,-92.852,1750
2018-04-27,18.189,B200,36.2,-90.612,1370
2018-04-27,18.189,B200,36.2,-90.612,1370
2018-04-27,19.037,B200,38.222,-91.147,1536
2018-04-27,19.037,B200,38.222,-91.147,1536
2018-04-27,20.427,C130,40.158,-91.881,2470
2018-04-27,20.427,C130,40.158,-91.881,2470
2018-04-27,20.606,B200,38.603,-90.739,1550
2018-04-27,20.606,B200,38.603,-90.739,1550
2018-04-27,20.631,C130,40.165,-91.758,1850
2018-04-27,20.631,C130,40.165,-91.758,1850
2018-04-27,20.73,B200,38.343,-91.097,1750
2018-04-27,20.73,B200,38.343,-91.097,1750
2018-04-27,20.731,B200,38.339,-91.102,1715
2018-04-27,20.731,B200,38.339,-91.102,1805
2018-04-27,20.731,B200,38.339,-91.102,1715
2018-04-27,20.731,B200,38.339,-91.102,1805
2018-04-27,21.609,C130,40.818,-96.278,3296
2018-04-27,21.609,C130,40.818,-96.278,3296
2018-04-27,21.97,B200,41.029,-92.992,3500
2018-04-27,21.97,B200,41.029,-92.992,3500
2018-04-29,15.678,B200,40.81,-96.698,975
2018-04-29,15.678,B200,40.81,-96.698,975
2018-04-29,17.026,B200,39.62,-90.917,1315
2018-04-29,17.026,B200,39.62,-90.917,1315
2018-04-29,17.387,C130,40.793,-91.248,1370
2018-04-29,17.387,C130,40.793,-91.248,1370
2018-04-29,18.741,B200,44.115,-92.631,1620
2018-04-29,18.741,B200,44.115,-92.631,1620
2018-04-29,19.294,B200,44.053,-92.673,1365
2018-04-29,19.294,B200,44.053,-92.673,1365
2018-04-29,19.994,C130,43.901,-92.475,1650
2018-04-29,19.994,C130,43.901,-92.475,1650
2018-04-29,20.98,B200,44.063,-95.287,1740
2018-04-29,20.98,B200,44.063,-95.287,1740
2018-04-29,21.126,B200,44.076,-95.312,1520
2018-04-29,21.126,B200,44.076,-95.312,1520
2018-04-29,21.584,C130,40.859,-96.228,995
2018-04-29,21.584,C130,40.859,-96.228,995
2018-04-29,21.769,B200,43.924,-98.016,2220
2018-04-29,21.769,B200,43.924,-98.016,2220
2018-04-29,22.187,B200,42.649,-97.481,1885
2018-04-29,22.187,B200,42.649,-97.481,1885
2018-04-29,22.267,B200,42.467,-97.405,1530
2018-04-29,22.267,B200,42.467,-97.405,1530
2018-04-29,22.752,B200,40.992,-96.896,1280
2018-04-29,22.752,B200,40.992,-96.896,1280
2018-04-30,13.913,C130,40.751,-96.753,1090
2018-04-30,13.913,C130,40.751,-96.753,1090
2018-04-30,15.178,C130,35.351,-96.419,1005
2018-04-30,15.178,C130,35.351,-96.419,1005
2018-04-30,15.301,C130,34.935,-96.385,1025
2018-04-30,15.301,C130,34.935,-96.385,1025
2018-04-30,15.842,B200,40.804,-96.712,1160
2018-04-30,15.842,B200,40.804,-96.712,1160
2018-04-30,15.962,B200,40.822,-96.162,1195
2018-04-30,15.962,B200,40.822,-96.162,1195
2018-04-30,16.566,C130,29.226,-96.037,1860
2018-04-30,16.566,C130,29.226,-96.037,1860
2018-04-30,16.888,B200,40.558,-92.304,1235
2018-04-30,16.888,B200,40.558,-92.304,1235
2018-04-30,17.144,C130,29.382,-94.475,1215
2018-04-30,17.144,C130,29.382,-94.475,1215
2018-04-30,17.531,B200,42.696,-90.518,1250
2018-04-30,17.531,B200,42.696,-90.518,1250
2018-04-30,17.627,B200,42.976,-90.274,1105
2018-04-30,17.627,B200,42.976,-90.274,1105
2018-04-30,17.669,C130,31.82,-94.211,1750
2018-04-30,17.669,C130,31.82,-94.211,1750
2018-04-30,17.794,B200,43.515,-89.81,1065
2018-04-30,17.794,B200,43.515,-89.81,1065
2018-04-30,18.206,C130,32.231,-96.185,1770
2018-04-30,18.206,C130,32.231,-96.185,1770
2018-04-30,18.355,C130,32.178,-96.904,1185
2018-04-30,18.355,C130,32.178,-96.904,1185
2018-04-30,18.76,C130,32.206,-98.967,2120
2018-04-30,18.76,C130,32.206,-98.967,2120
2018-04-30,19.47,C130,35.214,-100.194,2340
2018-04-30,19.47,C130,35.214,-100.194,2340
2018-04-30,19.609,B200,44.171,-93.92,1630
2018-04-30,19.609,B200,44.171,-93.92,1630
2018-04-30,19.751,B200,43.849,-93.922,1670
2018-04-30,19.751,B200,43.849,-93.922,1670
2018-04-30,20.196,C130,35.114,-96.982,1840
2018-04-30,20.196,C130,35.114,-96.982,1840
2018-04-30,20.433,C130,35.131,-95.735,1785
2018-04-30,20.433,C130,35.131,-95.735,1785
2018-04-30,20.751,B200,43.999,-98.023,2615
2018-04-30,20.751,B200,43.999,-98.023,2615
2018-04-30,21.18,C130,35.242,-92.33,1945
2018-04-30,21.18,C130,35.242,-92.33,1945
2018-04-30,21.253,B200,42.476,-97.45,2390
2018-04-30,21.253,B200,42.476,-97.45,2390
2018-04-30,21.716,B200,41.063,-96.825,1930
2018-04-30,21.716,B200,41.063,-96.825,1930
2018-04-30,22.427,C130,40.488,-96.401,2050
2018-04-30,22.427,C130,40.488,-96.401,2050
2018-05-01,14.521,C130,40.782,-96.707,1210
2018-05-01,14.521,C130,40.782,-96.707,1210
2018-05-01,15.012,B200,40.813,-96.687,1200
2018-05-01,15.012,B200,40.813,-96.687,1200
2018-05-01,15.42,C130,40.133,-91.289,990
2018-05-01,15.42,C130,40.133,-91.289,990
2018-05-01,16.996,C130,40.546,-91.029,1490
2018-05-01,16.996,C130,40.546,-91.029,1490
2018-05-01,17.726,B200,42.587,-96.7,1075
2018-05-01,17.726,B200,42.587,-96.7,1075
2018-05-01,18.363,C130,42.9,-98.239,1130
2018-05-01,18.363,C130,42.9,-98.239,1130
2018-05-01,18.655,C130,42.703,-99.672,1160
2018-05-01,18.655,C130,42.703,-99.672,1160
2018-05-01,18.841,B200,41.299,-97.14,1175
2018-05-01,18.841,B200,41.299,-97.14,1175
2018-05-01,19.137,C130,41.383,-97.557,1504
2018-05-01,19.137,C130,41.383,-97.557,1504
2018-05-02,14.759,C130,40.933,-96.689,720
2018-05-02,14.759,C130,40.933,-96.689,720
2018-05-02,15.812,C130,38.126,-90.897,1335
2018-05-02,15.812,C130,38.126,-90.897,1335
2018-05-02,15.874,B200,40.951,-96.726,685
2018-05-02,15.874,B200,40.951,-96.726,685
2018-05-02,16.421,C130,38.072,-90.935,1505
2018-05-02,16.421,C130,38.072,-90.935,1505
2018-05-02,17.155,B200,38.286,-91.191,1815
2018-05-02,17.155,B200,38.286,-91.191,1815
2018-05-02,17.902,C130,41.826,-97.057,980
2018-05-02,17.902,C130,41.826,-97.057,980
2018-05-02,18.928,C130,45.418,-99.938,2200
2018-05-02,18.928,C130,45.418,-99.938,2200
2018-05-02,19.18,B200,41.841,-97.07,990
2018-05-02,19.18,B200,41.841,-97.07,990
2018-05-02,19.733,B200,41.17,-96.943,780
2018-05-02,19.733,B200,41.17,-96.943,780
2018-05-02,20.196,C130,41.989,-97.242,900
2018-05-02,20.196,C130,41.989,-97.242,900
2018-05-04,15.534,B200,40.932,-96.718,830
2018-05-04,15.534,B200,40.932,-96.718,830
2018-05-04,15.564,C130,40.933,-96.733,790
2018-05-04,15.564,C130,40.933,-96.733,790
2018-05-04,16.02,C130,40.328,-95.28,850
2018-05-04,16.02,C130,40.328,-95.28,850
2018-05-04,16.064,B200,40.354,-95.482,815
2018-05-04,16.064,B200,40.354,-95.482,815
2018-05-04,16.31,C130,40.443,-96.394,940
2018-05-04,16.31,C130,40.443,-96.394,940
2018-05-04,16.992,C130,43.224,-96.98,2280
2018-05-04,16.992,C130,43.224,-96.98,2280
2018-05-04,17.399,B200,40.392,-91.674,1330
2018-05-04,17.399,B200,40.392,-91.674,1330
2018-05-04,17.513,B200,40.446,-91.256,995
2018-05-04,17.513,B200,40.446,-91.256,995
2018-05-04,17.623,C130,44.334,-94.275,2528
2018-05-04,17.623,C130,44.334,-94.275,2528
2018-05-04,17.744,C130,44.47,-93.62,2540
2018-05-04,17.744,C130,44.47,-93.62,2540
2018-05-04,18.053,B200,41.478,-89.421,1460
2018-05-04,18.053,B200,41.478,-89.421,1460
2018-05-04,18.091,C130,44.782,-91.73,2160
2018-05-04,18.091,C130,44.782,-91.73,2160
2018-05-04,18.131,B200,41.619,-89.161,1520
2018-05-04,18.131,B200,41.619,-89.161,1520
2018-05-04,21.202,B200,38.025,-84.05,1028
2018-05-04,21.202,B200,38.025,-84.05,1028
2018-05-04,22.602,B200,37.107,-76.638,1295
2018-05-04,22.602,B200,37.107,-76.638,1295
2018-05-08,15.973,C130,37.977,-75.547,570
2018-05-08,15.973,C130,37.977,-75.547,570
2018-05-08,16.344,C130,36.972,-77.16,950
2018-05-08,16.344,C130,36.972,-77.16,950
2018-05-08,16.635,B200,37.12,-76.376,750
2018-05-08,16.635,B200,37.12,-76.376,750
2018-05-08,16.864,C130,36.767,-79.709,1150
2018-05-08,16.864,C130,36.767,-79.709,1150
2018-05-08,17.28,B200,36.77,-79.211,1510
2018-05-08,17.28,B200,36.77,-79.211,1510
2018-05-08,18.394,B200,39.522,-77.862,1560
2018-05-08,18.394,B200,39.522,-77.862,1560
2018-05-08,18.849,C130,41.017,-76.579,1350
2018-05-08,18.849,C130,41.017,-76.579,1350
2018-05-08,19.12,B200,41.288,-76.767,1950
2018-05-08,19.12,B200,41.288,-76.767,1950
2018-05-08,19.674,B200,40.431,-75.798,1970
2018-05-08,19.674,B200,40.431,-75.798,1970
2018-05-08,19.773,C130,40.7,-81.087,1490
2018-05-08,19.773,C130,40.7,-81.087,1490
2018-05-08,20.112,B200,39.177,-75.514,1510
2018-05-08,20.112,B200,39.177,-75.514,1510
2018-05-08,20.428,B200,38.273,-75.608,625
2018-05-08,20.428,B200,38.273,-75.608,625
2018-05-08,20.956,C130,37.569,-76.141,400
2018-05-08,20.956,C130,37.569,-76.141,400
2018-05-08,21.078,B200,38.413,-75.444,760
2018-05-08,21.078,B200,38.413,-75.444,760
2018-05-08,21.755,B200,37.067,-76.409,650
2018-05-08,21.755,B200,37.067,-76.409,650
2018-05-09,15.795,C130,38.003,-75.494,400
2018-05-09,15.795,C130,38.003,-75.494,400
2018-05-09,16.521,C130,40.819,-75.961,1450
2018-05-09,16.521,C130,40.819,-75.961,1450
2018-05-09,16.552,B200,37.141,-76.331,560
2018-05-09,16.552,B200,37.141,-76.331,560
2018-05-09,17.242,B200,39.322,-76.044,850
2018-05-09,17.242,B200,39.322,-76.044,850
2018-05-09,17.867,C130,40.648,-81.867,2180
2018-05-09,17.867,C130,40.648,-81.867,2180
2018-05-09,18.798,B200,39.681,-81.85,2450
2018-05-09,18.798,B200,39.681,-81.85,2450
2018-05-09,19.101,B200,38.722,-81.8,2325
2018-05-09,19.101,B200,38.722,-81.8,2325
2018-05-09,19.199,C130,36.683,-77.236,1560
2018-05-09,19.199,C130,36.683,-77.236,1560
2018-05-09,19.937,C130,36.75,-80.294,1380
2018-05-09,19.937,C130,36.75,-80.294,1380
2018-05-09,20.98,B200,38.36,-77.419,1830
2018-05-09,20.98,B200,38.36,-77.419,1830
2018-05-09,21.123,C130,36.837,-77.982,1830
2018-05-09,21.123,C130,36.837,-77.982,1830
2018-05-09,21.309,B200,37.331,-76.592,790
2018-05-09,21.309,B200,37.331,-76.592,790
2018-05-09,21.328,C130,36.895,-77.582,1780
2018-05-09,21.328,C130,36.895,-77.582,1780
2018-05-11,14.902,C130,37.955,-75.534,1185
2018-05-11,14.902,C130,37.955,-75.534,1185
2018-05-11,15.458,B200,37.049,-76.463,775
2018-05-11,15.458,B200,37.049,-76.463,775
2018-05-11,17.302,C130,41.76,-77.043,1075
2018-05-11,17.302,C130,41.76,-77.043,1075
2018-05-11,17.934,B200,36.877,-79.882,970
2018-05-11,17.934,B200,36.877,-79.882,970
2018-05-11,17.937,B200,36.87,-79.889,980
2018-05-11,17.937,B200,36.87,-79.889,980
2018-05-11,18.478,C130,36.976,-79.793,1510
2018-05-11,18.478,C130,36.976,-79.793,1510
2018-05-11,18.738,B200,37.301,-76.969,710
2018-05-11,18.738,B200,37.301,-76.969,710
2018-05-11,18.816,C130,35.953,-81.013,1505
2018-05-11,18.816,C130,35.953,-81.013,1505
2018-05-12,14.633,C130,37.786,-75.695,420
2018-05-12,14.633,C130,37.786,-75.695,420
2018-05-12,15.094,C130,37.343,-78.01,650
2018-05-12,15.094,C130,37.343,-78.01,650
2018-05-12,15.655,C130,36.948,-79.058,1296
2018-05-12,15.655,C130,36.948,-79.058,1296
2018-05-12,15.951,B200,37.071,-76.476,495
2018-05-12,15.951,B200,37.071,-76.476,495
2018-05-12,16.871,B200,39.081,-78.911,1815
2018-05-12,16.871,B200,39.081,-78.911,1815
2018-05-12,17.271,C130,38.41,-84.586,1620
2018-05-12,17.271,C130,38.41,-84.586,1620
2018-05-12,17.631,B200,37.121,-79.03,1650
2018-05-12,17.631,B200,37.121,-79.03,1650
2018-05-12,17.792,C130,37.247,-84.049,1890
2018-05-12,17.792,C130,37.247,-84.049,1890
2018-05-12,18.135,C130,36.427,-83.645,1080
2018-05-12,18.135,C130,36.427,-83.645,1080
2018-05-12,18.201,B200,37.147,-78.991,1780
2018-05-12,18.201,B200,37.147,-78.991,1780
2018-05-12,18.709,C130,34.402,-82.473,2250
2018-05-12,18.709,C130,34.402,-82.473,2250
2018-05-12,18.983,B200,34.849,-79.282,1280
2018-05-12,18.983,B200,34.849,-79.282,1280
2018-05-12,19.671,B200,36.771,-76.924,2025
2018-05-12,19.671,B200,36.771,-76.924,2025
2018-05-13,16.809,B200,33.298,-90.759,890
2018-05-13,16.809,B200,33.298,-90.759,890
2018-05-13,17.484,B200,32.683,-93.107,650
2018-05-13,17.484,B200,32.683,-93.107,650
2018-05-15,14.035,C130,37.969,-75.476,450
2018-05-15,14.035,C130,37.969,-75.476,450
2018-05-15,14.114,B200,37.047,-76.47,450
2018-05-15,14.114,B200,37.047,-76.47,450
2018-05-15,14.521,C130,36.327,-75.933,770
2018-05-15,14.521,C130,36.327,-75.933,770
2018-05-15,14.777,C130,36.542,-76.716,700
2018-05-15,14.777,C130,36.542,-76.716,700
2018-05-15,15.346,B200,39.287,-81.099,780
2018-05-15,15.346,B200,39.287,-81.099,780
2018-05-15,16.913,B200,36.979,-76.537,775
2018-05-15,16.913,B200,36.979,-76.537,775
2018-05-16,13.894,C130,37.844,-75.492,350
2018-05-16,13.894,C130,37.844,-75.492,350
2018-05-16,14.391,B200,37.079,-76.471,730
2018-05-16,14.391,B200,37.079,-76.471,730
2018-05-16,16.964,C130,43.441,-73.88,950
2018-05-16,16.964,C130,43.441,-73.88,950
2018-05-16,17.338,B200,40.897,-76.629,810
2018-05-16,17.338,B200,40.897,-76.629,810
2018-05-16,17.503,C130,42.545,-75.135,1175
2018-05-16,17.503,C130,42.545,-75.135,1175
2018-05-16,18.427,B200,41.397,-75.725,845
2018-05-16,18.427,B200,41.397,-75.725,845
2018-05-16,18.916,C130,37.651,-78.959,890
2018-05-16,18.916,C130,37.651,-78.959,890
2018-05-16,19.342,C130,36.011,-79.314,1210
2018-05-16,19.342,C130,36.011,-79.314,1210
2018-05-16,19.863,C130,36.929,-76.764,800
2018-05-16,19.863,C130,36.929,-76.764,800
2018-05-16,20.431,B200,36.862,-76.868,470
2018-05-16,20.431,B200,36.862,-76.868,470
2018-05-18,14.481,C130,37.954,-75.525,250
2018-05-18,14.481,C130,37.954,-75.525,250
2018-05-18,15.36,C130,39.272,-78.892,1308
2018-05-18,15.36,C130,39.272,-78.892,1308
2018-05-18,16.513,B200,41.464,-80.977,1410
2018-05-18,16.513,B200,41.464,-80.977,1410
2018-05-18,16.514,C130,41.46,-80.984,1415
2018-05-18,16.514,C130,41.46,-80.984,1415
2018-05-18,17.689,B200,43.421,-84.697,980
2018-05-18,17.689,B200,43.421,-84.697,980
2018-05-18,18.533,B200,41.315,-83.14,1290
2018-05-18,18.533,B200,41.315,-83.14,1290
2018-05-18,18.537,C130,41.299,-83.119,1260
2018-05-18,18.537,C130,41.299,-83.119,1260
2018-05-18,20.008,C130,37.975,-77.137,1150
2018-05-18,20.008,C130,37.975,-77.137,1150
2018-05-20,15.841,B200,36.695,-76.456,950
2018-05-20,15.841,B200,36.695,-76.456,950
2018-05-20,16.467,B200,36.899,-75.38,1300
2018-05-20,16.467,B200,36.899,-75.38,1300
2018-05-20,16.814,C130,37.933,-75.426,650
2018-05-20,16.814,C130,37.933,-75.426,650
2018-05-20,17.067,B200,36.929,-75.63,1520
2018-05-20,17.067,B200,36.929,-75.63,1520
2018-05-20,18.919,B200,42.474,-78.324,790
2018-05-20,18.919,B200,42.474,-78.324,790
2018-05-20,19.644,C130,40.408,-73.335,1540
2018-05-20,19.644,C130,40.408,-73.335,1540
2018-05-20,20.027,C130,40.627,-74.809,1350
2018-05-20,20.027,C130,40.627,-74.809,1350
2018-05-20,20.677,C130,39.068,-74.866,1065
2018-05-20,20.677,C130,39.068,-74.866,1065
2018-05-20,21.169,C130,40.026,-76.372,1450
2018-05-20,21.169,C130,40.026,-76.372,1450
2018-05-20,22.477,B200,37.016,-76.603,995
2018-05-20,22.477,B200,37.016,-76.603,995
2019-06-20,15.964,C130,32.383,-93.746,595
2019-06-20,18.359,C130,39.134,-88.165,1296
2019-06-20,19.809,C130,34.214,-88.252,1730
2019-06-20,19.991,C130,34.264,-88.236,1790
2019-06-20,21.395,C130,28.654,-88.407,745
2019-06-20,23.077,C130,32.449,-93.037,1495
2019-06-20,15.599,B200,32.405,-93.738,550
2019-06-20,17.555,B200,36.07,-88.838,760
2019-06-20,17.774,B200,35.364,-88.707,825
2019-06-20,17.998,B200,34.625,-88.582,880
2019-06-20,18.153,B200,34.134,-88.497,675
2019-06-20,18.791,B200,32.062,-88.406,720
2019-06-20,18.995,B200,31.438,-88.36,575
2019-06-20,19.248,B200,30.664,-88.53,220
2019-06-22,16.939,C130,32.371,-93.778,250
2019-06-22,19.627,C130,36.019,-96.738,1340
2019-06-22,20.841,C130,34.695,-91.922,1460
2019-06-22,20.962,C130,34.814,-92.064,1200
2019-06-22,21.858,C130,32.396,-88.879,1285
2019-06-22,23.352,C130,32.995,-93.579,585
2019-06-22,15.645,B200,32.388,-93.778,400
2019-06-22,16.473,B200,29.748,-93.139,560
2019-06-22,17.073,B200,29.192,-91.387,785
2019-06-22,17.227,B200,29.095,-90.848,795
2019-06-22,17.585,B200,29.065,-89.61,990
2019-06-22,18.094,B200,30.49,-88.364,550
2019-06-22,20.308,B200,31.233,-91.671,835
2019-06-22,20.421,B200,31.227,-91.433,705
2019-06-22,21.723,B200,31.694,-95.112,665
2019-06-22,21.999,B200,32.279,-94.129,425
2019-06-26,16.103,B200,32.405,-93.781,390
2019-06-26,16.706,B200,30.685,-92.417,525
2019-06-26,17.814,B200,32.073,-89.082,700
2019-06-26,18.006,B200,31.935,-89.309,550
2019-06-26,18.731,B200,33.278,-87.179,1290
2019-06-26,19.131,B200,34.344,-86.726,1485
2019-06-26,21.601,B200,33.677,-90.532,1180
2019-06-26,21.973,B200,33.637,-90.557,1290
2019-06-27,15.087,C130,32.341,-93.728,455
2019-06-27,16.927,C130,33.68,-98.805,1270
2019-06-27,18.301,C130,33.522,-92.769,1325
2019-06-27,19.816,C130,32.087,-86.878,1450
2019-06-27,15.013,B200,32.414,-93.759,580
2019-06-27,16.02,B200,34.111,-92.247,750
2019-06-27,18.653,B200,33.573,-86.747,1670
2019-06-27,19.508,B200,31.452,-87.848,1780
2019-06-27,20.288,B200,31.926,-90.426,1725
2019-06-27,20.441,B200,31.993,-90.325,1475
2019-07-01,16.983,C130,32.39,-93.768,365
2019-07-01,20.539,C130,39.092,-98.942,2225
2019-07-01,20.683,C130,39.11,-99.023,2460
2019-07-01,21.156,C130,40.717,-97.078,2115
2019-07-01,17.605,B200,37.102,-89.678,1035
2019-07-04,16.012,C130,40.795,-96.799,650
2019-07-04,18.191,C130,49.493,-97.751,1765
2019-07-04,19.223,C130,45.426,-97.384,1945
2019-07-04,19.391,C130,45.21,-97.368,1920
2019-07-04,20.891,C130,39.155,-96.019,1115
2019-07-04,21.419,C130,40.356,-96.505,1610
2019-07-04,17.53,B200,40.809,-96.744,765
2019-07-04,18.796,B200,45.34,-96.178,1370
2019-07-04,19.492,B200,44.68,-94.71,1095
2019-07-04,19.588,B200,44.507,-94.691,1050
2019-07-04,20.974,B200,41.358,-95.422,1425
2019-07-04,21.214,B200,41.002,-96.424,1580
2019-07-07,17.499,C130,40.827,-96.762,1520
2019-07-07,18.331,C130,39.289,-92.624,1265
2019-07-07,18.405,C130,39.402,-92.95,1675
2019-07-07,19.36,C130,37.947,-87.898,950
2019-07-07,21.058,C130,40.442,-95.714,1890
2019-07-07,21.191,C130,40.277,-95.678,1120
2019-07-07,22.087,C130,43.637,-97.059,1320
2019-07-07,22.783,C130,41.115,-96.783,1605
2019-07-07,17.839,B200,40.808,-96.698,1035
2019-07-07,18.96,B200,41.176,-90.505,1275
2019-07-07,19.891,B200,43.253,-90.956,1385
2019-07-07,20.246,B200,42.718,-92.435,1680
2019-07-07,21.03,B200,41.478,-95.377,1790
2019-07-07,21.337,B200,40.989,-96.558,1590
2019-07-08,17.573,C130,40.79,-96.802,900
2019-07-08,18.588,C130,42.503,-99.983,1150
2019-07-08,19.574,C130,43.966,-95.171,1525
2019-07-08,19.701,C130,43.948,-95.515,1650
2019-07-08,20.31,C130,44.334,-92.012,1575
2019-07-08,21.859,C130,41.004,-96.776,1980
2019-07-08,17.816,B200,40.804,-96.668,1010
2019-07-08,18.61,B200,40.172,-92.824,1760
2019-07-08,19.601,B200,41.885,-90.718,1395
2019-07-08,19.87,B200,41.531,-91.862,1320
2019-07-08,20.216,B200,41.255,-93.27,1580
2019-07-08,20.28,B200,41.279,-93.343,1690
2019-07-08,20.819,B200,40.981,-95.083,1680
2019-07-08,21.144,B200,40.92,-96.592,1580
2019-07-09,15.139,C130,40.784,-96.723,1050
2019-07-09,16.784,C130,46.532,-92.945,1040
2019-07-09,16.98,C130,46.484,-92.882,1065
2019-07-09,18.602,C130,42.572,-91.32,1365
2019-07-09,18.723,C130,42.568,-91.387,1580
2019-07-09,20.106,C130,41.104,-96.664,1445
2019-07-09,15.914,B200,40.819,-96.689,995
2019-07-09,17.751,B200,44.117,-94.578,1120
2019-07-09,18.277,B200,42.962,-95.422,1650
2019-07-09,18.517,B200,42.815,-95.407,1765
2019-07-10,16.951,C130,40.909,-96.76,1095
2019-07-10,17.885,C130,44.069,-93.396,1200
2019-07-10,18.483,C130,42.27,-93.633,1650
2019-07-10,18.627,C130,42.468,-93.59,1795
2019-07-10,19.816,C130,39.544,-98.495,1395
2019-07-10,19.989,C130,39.588,-98.373,1425
2019-07-10,20.242,C130,39.455,-99.734,1340
2019-07-10,22.349,C130,39.953,-96.584,1660
2019-07-10,16.598,B200,40.929,-96.725,1120
2019-07-10,18.123,B200,36.053,-93.15,1100
2019-07-10,18.755,B200,37.647,-93.47,890
2019-07-10,18.88,B200,37.658,-93.568,800
2019-07-10,19.694,B200,39.242,-95.438,850
2019-07-10,19.842,B200,39.219,-95.253,1030
2019-07-11,15.071,C130,40.956,-96.704,850
2019-07-11,15.237,C130,41.541,-96.243,980
2019-07-11,16.81,C130,41.234,-87.695,895
2019-07-11,14.71,B200,40.896,-96.7,990
2019-07-11,16.074,B200,40.194,-89.86,1200
2019-07-11,20.712,B200,37.169,-78.002,1500
2019-07-11,20.985,B200,37.111,-76.657,500
2019-07-19,16.076,C130,37.949,-75.563,265
2019-07-19,18.053,C130,42.382,-77.591,920
2019-07-19,18.533,C130,40.527,-77.58,895
2019-07-19,18.685,C130,40.594,-77.643,850
2019-07-19,19.673,C130,37.027,-77.039,1005
2019-07-19,19.926,C130,37.625,-75.937,400
2019-07-19,14.898,B200,37.066,-76.409,440
2019-07-19,15.839,B200,36.077,-80.611,1080
2019-07-19,16.064,B200,36.291,-81.23,800
2019-07-19,16.355,B200,37.035,-81.762,905
2019-07-19,16.642,B200,37.728,-82.362,915
2019-07-19,16.733,B200,37.762,-82.299,890
2019-07-19,17.753,B200,40.834,-83.678,950
2019-07-19,18.08,B200,41.373,-82.768,940
2019-07-19,19.001,B200,41.458,-82.875,550
2019-07-19,19.128,B200,41.088,-82.803,500
2019-07-19,19.931,B200,39.57,-80.346,825
2019-07-19,20.159,B200,39.507,-80.242,850
2019-07-19,21.063,B200,37.751,-77.407,855
2019-07-19,21.319,B200,37.195,-76.618,520
2019-07-20,14.973,C130,37.965,-75.484,590
2019-07-20,16.57,C130,39.863,-81.6,1020
2019-07-20,16.933,C130,38.893,-80.805,975
2019-07-20,17.421,C130,37.592,-79.216,680
2019-07-20,17.588,C130,37.556,-78.386,975
2019-07-20,20.358,C130,37.985,-75.779,780
2019-07-20,15.288,B200,37.086,-76.587,625
2019-07-20,15.673,B200,37.499,-78.142,1050
2019-07-20,16.527,B200,39.953,-78.132,1475
2019-07-20,16.623,B200,39.989,-78.114,1215
2019-07-20,19.723,B200,39.424,-75.645,725
2019-07-20,19.862,B200,39.443,-75.538,840
2019-07-20,20.617,B200,37.716,-76.698,650
2019-07-20,20.698,B200,37.474,-76.612,300
2019-07-22,14.12,C130,37.848,-75.609,425
2019-07-22,16.642,C130,43.392,-86.066,1610
2019-07-22,17.484,C130,41.003,-83.339,795
2019-07-22,18.253,C130,43.176,-81.954,950
2019-07-22,18.931,C130,41.642,-79.4,1090
2019-07-22,19.873,C130,38.432,-75.921,1045
2019-07-22,14.217,B200,37.113,-76.755,1263
2019-07-22,16.101,B200,40.529,-82.755,1015
2019-07-22,16.814,B200,39.524,-80.311,945
2019-07-22,16.994,B200,39.214,-80.273,995
2019-07-22,17.551,B200,38.34,-78.828,750
2019-07-24,14.102,C130,38.012,-75.406,550
2019-07-24,16.983,C130,38.42,-83.19,1825
2019-07-24,17.492,C130,38.688,-80.916,1185
2019-07-24,17.645,C130,38.73,-80.738,1345
2019-07-24,19.428,C130,41.353,-73.126,1380
2019-07-24,20.317,C130,38.208,-75.47,1365
2019-07-24,15.624,B200,37.141,-76.397,720
2019-07-24,16.219,B200,38.672,-77.988,855
2019-07-24,16.551,B200,38.579,-77.854,850
2019-07-24,16.621,B200,38.712,-77.798,775
2019-07-24,17.162,B200,38.803,-75.921,865
2019-07-24,17.434,B200,39.637,-76.064,1550
2019-07-24,17.959,B200,39.765,-74.605,1085
2019-07-24,18.171,B200,40.438,-74.787,1520
2019-07-24,18.638,B200,40.47,-73.382,1305
2019-07-24,19.719,B200,37.365,-76.161,860
2019-07-25,16.012,C130,38.015,-75.531,315
2019-07-25,18.051,C130,38.27,-83.688,1250
2019-07-25,18.602,C130,38.743,-81.446,1350
2019-07-25,18.727,C130,38.681,-81.587,1675
2019-07-25,19.013,C130,39.019,-80.165,1115
2019-07-25,19.255,C130,39.245,-78.898,785
2019-07-25,19.545,C130,39.575,-77.621,905
2019-07-25,19.656,C130,39.518,-77.542,850
2019-07-26,16.003,C130,37.966,-75.556,290
2019-07-26,17.905,C130,38.501,-82.694,705
2019-07-26,18.352,C130,38.844,-80.818,775
2019-07-26,18.595,C130,38.937,-80.576,1750
2019-07-26,19.234,C130,39.557,-77.677,1480
2019-07-26,19.338,C130,39.462,-77.835,1520
2019-07-26,19.706,C130,39.621,-75.971,1250
2019-07-26,20.231,C130,38.395,-75.435,415
